clean,corrupted,label
Calculate the result of the following arithmetic expression and provide only the final answer: 70 + 33 =,Calculate the result of the following arithmetic expression and provide only the final answer: 70 - 33 =,103
Calculate the result of the following arithmetic expression and provide only the final answer: 89 + 47 =,Calculate the result of the following arithmetic expression and provide only the final answer: 89 - 47 =,136
Calculate the result of the following arithmetic expression and provide only the final answer: 73 + 36 =,Calculate the result of the following arithmetic expression and provide only the final answer: 73 - 36 =,109
Calculate the result of the following arithmetic expression and provide only the final answer: 86 + 33 =,Calculate the result of the following arithmetic expression and provide only the final answer: 86 - 33 =,119
Calculate the result of the following arithmetic expression and provide only the final answer: 64 + 28 =,Calculate the result of the following arithmetic expression and provide only the final answer: 64 - 28 =,92
Calculate the result of the following arithmetic expression and provide only the final answer: 52 - 17 =,Calculate the result of the following arithmetic expression and provide only the final answer: 52 + 17 =,35
Calculate the result of the following arithmetic expression and provide only the final answer: 38 - 12 =,Calculate the result of the following arithmetic expression and provide only the final answer: 38 + 12 =,26
Calculate the result of the following arithmetic expression and provide only the final answer: 71 - 43 =,Calculate the result of the following arithmetic expression and provide only the final answer: 71 + 43 =,28
Calculate the result of the following arithmetic expression and provide only the final answer: 77 + 48 =,Calculate the result of the following arithmetic expression and provide only the final answer: 77 - 48 =,125
Calculate the result of the following arithmetic expression and provide only the final answer: 95 + 16 =,Calculate the result of the following arithmetic expression and provide only the final answer: 95 - 16 =,111
Calculate the result of the following arithmetic expression and provide only the final answer: 62 + 16 =,Calculate the result of the following arithmetic expression and provide only the final answer: 62 - 16 =,78
Calculate the result of the following arithmetic expression and provide only the final answer: 88 + 28 =,Calculate the result of the following arithmetic expression and provide only the final answer: 88 - 28 =,116
Calculate the result of the following arithmetic expression and provide only the final answer: 58 + 31 =,Calculate the result of the following arithmetic expression and provide only the final answer: 58 - 31 =,89
Calculate the result of the following arithmetic expression and provide only the final answer: 65 + 56 =,Calculate the result of the following arithmetic expression and provide only the final answer: 65 - 56 =,121
Calculate the result of the following arithmetic expression and provide only the final answer: 45 - 36 =,Calculate the result of the following arithmetic expression and provide only the final answer: 45 + 36 =,9
Calculate the result of the following arithmetic expression and provide only the final answer: 36 + 20 =,Calculate the result of the following arithmetic expression and provide only the final answer: 36 - 20 =,56
Calculate the result of the following arithmetic expression and provide only the final answer: 48 - 32 =,Calculate the result of the following arithmetic expression and provide only the final answer: 48 + 32 =,16
Calculate the result of the following arithmetic expression and provide only the final answer: 65 + 36 =,Calculate the result of the following arithmetic expression and provide only the final answer: 65 - 36 =,101
Calculate the result of the following arithmetic expression and provide only the final answer: 93 - 60 =,Calculate the result of the following arithmetic expression and provide only the final answer: 93 + 60 =,33
Calculate the result of the following arithmetic expression and provide only the final answer: 54 + 7 =,Calculate the result of the following arithmetic expression and provide only the final answer: 54 - 7 =,61
Calculate the result of the following arithmetic expression and provide only the final answer: 80 - 66 =,Calculate the result of the following arithmetic expression and provide only the final answer: 80 + 66 =,14
Calculate the result of the following arithmetic expression and provide only the final answer: 42 - 9 =,Calculate the result of the following arithmetic expression and provide only the final answer: 42 + 9 =,33
Calculate the result of the following arithmetic expression and provide only the final answer: 79 - 49 =,Calculate the result of the following arithmetic expression and provide only the final answer: 79 + 49 =,30
Calculate the result of the following arithmetic expression and provide only the final answer: 41 - 7 =,Calculate the result of the following arithmetic expression and provide only the final answer: 41 + 7 =,34
Calculate the result of the following arithmetic expression and provide only the final answer: 96 - 93 =,Calculate the result of the following arithmetic expression and provide only the final answer: 96 + 93 =,3
Calculate the result of the following arithmetic expression and provide only the final answer: 77 + 26 =,Calculate the result of the following arithmetic expression and provide only the final answer: 77 - 26 =,103
Calculate the result of the following arithmetic expression and provide only the final answer: 22 - 16 =,Calculate the result of the following arithmetic expression and provide only the final answer: 22 + 16 =,6
Calculate the result of the following arithmetic expression and provide only the final answer: 60 - 50 =,Calculate the result of the following arithmetic expression and provide only the final answer: 60 + 50 =,10
Calculate the result of the following arithmetic expression and provide only the final answer: 94 + 44 =,Calculate the result of the following arithmetic expression and provide only the final answer: 94 - 44 =,138
Calculate the result of the following arithmetic expression and provide only the final answer: 48 + 20 =,Calculate the result of the following arithmetic expression and provide only the final answer: 48 - 20 =,68
Calculate the result of the following arithmetic expression and provide only the final answer: 97 - 20 =,Calculate the result of the following arithmetic expression and provide only the final answer: 97 + 20 =,77
Calculate the result of the following arithmetic expression and provide only the final answer: 62 - 4 =,Calculate the result of the following arithmetic expression and provide only the final answer: 62 + 4 =,58
Calculate the result of the following arithmetic expression and provide only the final answer: 33 + 9 =,Calculate the result of the following arithmetic expression and provide only the final answer: 33 - 9 =,42
Calculate the result of the following arithmetic expression and provide only the final answer: 41 - 4 =,Calculate the result of the following arithmetic expression and provide only the final answer: 41 + 4 =,37
Calculate the result of the following arithmetic expression and provide only the final answer: 96 - 90 =,Calculate the result of the following arithmetic expression and provide only the final answer: 96 + 90 =,6
Calculate the result of the following arithmetic expression and provide only the final answer: 25 + 9 =,Calculate the result of the following arithmetic expression and provide only the final answer: 25 - 9 =,34
Calculate the result of the following arithmetic expression and provide only the final answer: 73 - 50 =,Calculate the result of the following arithmetic expression and provide only the final answer: 73 + 50 =,23
Calculate the result of the following arithmetic expression and provide only the final answer: 36 - 19 =,Calculate the result of the following arithmetic expression and provide only the final answer: 36 + 19 =,17
Calculate the result of the following arithmetic expression and provide only the final answer: 58 - 26 =,Calculate the result of the following arithmetic expression and provide only the final answer: 58 + 26 =,32
Calculate the result of the following arithmetic expression and provide only the final answer: 70 + 44 =,Calculate the result of the following arithmetic expression and provide only the final answer: 70 - 44 =,114
Calculate the result of the following arithmetic expression and provide only the final answer: 91 - 51 =,Calculate the result of the following arithmetic expression and provide only the final answer: 91 + 51 =,40
Calculate the result of the following arithmetic expression and provide only the final answer: 90 + 2 =,Calculate the result of the following arithmetic expression and provide only the final answer: 90 - 2 =,92
Calculate the result of the following arithmetic expression and provide only the final answer: 77 - 72 =,Calculate the result of the following arithmetic expression and provide only the final answer: 77 + 72 =,5
Calculate the result of the following arithmetic expression and provide only the final answer: 52 + 49 =,Calculate the result of the following arithmetic expression and provide only the final answer: 52 - 49 =,101
Calculate the result of the following arithmetic expression and provide only the final answer: 91 - 88 =,Calculate the result of the following arithmetic expression and provide only the final answer: 91 + 88 =,3
Calculate the result of the following arithmetic expression and provide only the final answer: 88 + 39 =,Calculate the result of the following arithmetic expression and provide only the final answer: 88 - 39 =,127
Calculate the result of the following arithmetic expression and provide only the final answer: 16 + 4 =,Calculate the result of the following arithmetic expression and provide only the final answer: 16 - 4 =,20
Calculate the result of the following arithmetic expression and provide only the final answer: 90 + 61 =,Calculate the result of the following arithmetic expression and provide only the final answer: 90 - 61 =,151
Calculate the result of the following arithmetic expression and provide only the final answer: 94 + 54 =,Calculate the result of the following arithmetic expression and provide only the final answer: 94 - 54 =,148
Calculate the result of the following arithmetic expression and provide only the final answer: 24 + 23 =,Calculate the result of the following arithmetic expression and provide only the final answer: 24 - 23 =,47
Calculate the result of the following arithmetic expression and provide only the final answer: 60 - 16 =,Calculate the result of the following arithmetic expression and provide only the final answer: 60 + 16 =,44
Calculate the result of the following arithmetic expression and provide only the final answer: 60 + 45 =,Calculate the result of the following arithmetic expression and provide only the final answer: 60 - 45 =,105
Calculate the result of the following arithmetic expression and provide only the final answer: 76 + 61 =,Calculate the result of the following arithmetic expression and provide only the final answer: 76 - 61 =,137
Calculate the result of the following arithmetic expression and provide only the final answer: 97 - 72 =,Calculate the result of the following arithmetic expression and provide only the final answer: 97 + 72 =,25
Calculate the result of the following arithmetic expression and provide only the final answer: 92 + 27 =,Calculate the result of the following arithmetic expression and provide only the final answer: 92 - 27 =,119
Calculate the result of the following arithmetic expression and provide only the final answer: 95 - 94 =,Calculate the result of the following arithmetic expression and provide only the final answer: 95 + 94 =,1
Calculate the result of the following arithmetic expression and provide only the final answer: 77 - 66 =,Calculate the result of the following arithmetic expression and provide only the final answer: 77 + 66 =,11
Calculate the result of the following arithmetic expression and provide only the final answer: 21 - 8 =,Calculate the result of the following arithmetic expression and provide only the final answer: 21 + 8 =,13
Calculate the result of the following arithmetic expression and provide only the final answer: 39 + 21 =,Calculate the result of the following arithmetic expression and provide only the final answer: 39 - 21 =,60
Calculate the result of the following arithmetic expression and provide only the final answer: 38 - 28 =,Calculate the result of the following arithmetic expression and provide only the final answer: 38 + 28 =,10
Calculate the result of the following arithmetic expression and provide only the final answer: 26 - 20 =,Calculate the result of the following arithmetic expression and provide only the final answer: 26 + 20 =,6
Calculate the result of the following arithmetic expression and provide only the final answer: 97 + 60 =,Calculate the result of the following arithmetic expression and provide only the final answer: 97 - 60 =,157
Calculate the result of the following arithmetic expression and provide only the final answer: 72 - 66 =,Calculate the result of the following arithmetic expression and provide only the final answer: 72 + 66 =,6
Calculate the result of the following arithmetic expression and provide only the final answer: 30 + 5 =,Calculate the result of the following arithmetic expression and provide only the final answer: 30 - 5 =,35
Calculate the result of the following arithmetic expression and provide only the final answer: 62 - 14 =,Calculate the result of the following arithmetic expression and provide only the final answer: 62 + 14 =,48
Calculate the result of the following arithmetic expression and provide only the final answer: 97 - 56 =,Calculate the result of the following arithmetic expression and provide only the final answer: 97 + 56 =,41
Calculate the result of the following arithmetic expression and provide only the final answer: 86 + 20 =,Calculate the result of the following arithmetic expression and provide only the final answer: 86 - 20 =,106
Calculate the result of the following arithmetic expression and provide only the final answer: 84 - 61 =,Calculate the result of the following arithmetic expression and provide only the final answer: 84 + 61 =,23
Calculate the result of the following arithmetic expression and provide only the final answer: 91 + 89 =,Calculate the result of the following arithmetic expression and provide only the final answer: 91 - 89 =,180
Calculate the result of the following arithmetic expression and provide only the final answer: 93 + 61 =,Calculate the result of the following arithmetic expression and provide only the final answer: 93 - 61 =,154
Calculate the result of the following arithmetic expression and provide only the final answer: 84 - 42 =,Calculate the result of the following arithmetic expression and provide only the final answer: 84 + 42 =,42
Calculate the result of the following arithmetic expression and provide only the final answer: 88 + 57 =,Calculate the result of the following arithmetic expression and provide only the final answer: 88 - 57 =,145
Calculate the result of the following arithmetic expression and provide only the final answer: 81 + 59 =,Calculate the result of the following arithmetic expression and provide only the final answer: 81 - 59 =,140
Calculate the result of the following arithmetic expression and provide only the final answer: 38 + 13 =,Calculate the result of the following arithmetic expression and provide only the final answer: 38 - 13 =,51
Calculate the result of the following arithmetic expression and provide only the final answer: 39 - 4 =,Calculate the result of the following arithmetic expression and provide only the final answer: 39 + 4 =,35
Calculate the result of the following arithmetic expression and provide only the final answer: 76 + 36 =,Calculate the result of the following arithmetic expression and provide only the final answer: 76 - 36 =,112
Calculate the result of the following arithmetic expression and provide only the final answer: 8 - 1 =,Calculate the result of the following arithmetic expression and provide only the final answer: 8 + 1 =,7
Calculate the result of the following arithmetic expression and provide only the final answer: 69 - 21 =,Calculate the result of the following arithmetic expression and provide only the final answer: 69 + 21 =,48
Calculate the result of the following arithmetic expression and provide only the final answer: 79 - 2 =,Calculate the result of the following arithmetic expression and provide only the final answer: 79 + 2 =,77
Calculate the result of the following arithmetic expression and provide only the final answer: 48 + 25 =,Calculate the result of the following arithmetic expression and provide only the final answer: 48 - 25 =,73
Calculate the result of the following arithmetic expression and provide only the final answer: 35 - 4 =,Calculate the result of the following arithmetic expression and provide only the final answer: 35 + 4 =,31
Calculate the result of the following arithmetic expression and provide only the final answer: 82 + 40 =,Calculate the result of the following arithmetic expression and provide only the final answer: 82 - 40 =,122
Calculate the result of the following arithmetic expression and provide only the final answer: 98 + 3 =,Calculate the result of the following arithmetic expression and provide only the final answer: 98 - 3 =,101
Calculate the result of the following arithmetic expression and provide only the final answer: 95 - 69 =,Calculate the result of the following arithmetic expression and provide only the final answer: 95 + 69 =,26
Calculate the result of the following arithmetic expression and provide only the final answer: 89 - 4 =,Calculate the result of the following arithmetic expression and provide only the final answer: 89 + 4 =,85
Calculate the result of the following arithmetic expression and provide only the final answer: 84 - 69 =,Calculate the result of the following arithmetic expression and provide only the final answer: 84 + 69 =,15
Calculate the result of the following arithmetic expression and provide only the final answer: 38 - 26 =,Calculate the result of the following arithmetic expression and provide only the final answer: 38 + 26 =,12
Calculate the result of the following arithmetic expression and provide only the final answer: 60 + 38 =,Calculate the result of the following arithmetic expression and provide only the final answer: 60 - 38 =,98
Calculate the result of the following arithmetic expression and provide only the final answer: 64 + 48 =,Calculate the result of the following arithmetic expression and provide only the final answer: 64 - 48 =,112
Calculate the result of the following arithmetic expression and provide only the final answer: 92 - 35 =,Calculate the result of the following arithmetic expression and provide only the final answer: 92 + 35 =,57
Calculate the result of the following arithmetic expression and provide only the final answer: 79 + 41 =,Calculate the result of the following arithmetic expression and provide only the final answer: 79 - 41 =,120
Calculate the result of the following arithmetic expression and provide only the final answer: 84 + 64 =,Calculate the result of the following arithmetic expression and provide only the final answer: 84 - 64 =,148
Calculate the result of the following arithmetic expression and provide only the final answer: 99 + 24 =,Calculate the result of the following arithmetic expression and provide only the final answer: 99 - 24 =,123
Calculate the result of the following arithmetic expression and provide only the final answer: 64 + 29 =,Calculate the result of the following arithmetic expression and provide only the final answer: 64 - 29 =,93
Calculate the result of the following arithmetic expression and provide only the final answer: 93 - 55 =,Calculate the result of the following arithmetic expression and provide only the final answer: 93 + 55 =,38
Calculate the result of the following arithmetic expression and provide only the final answer: 89 - 60 =,Calculate the result of the following arithmetic expression and provide only the final answer: 89 + 60 =,29
Calculate the result of the following arithmetic expression and provide only the final answer: 99 - 59 =,Calculate the result of the following arithmetic expression and provide only the final answer: 99 + 59 =,40
Calculate the result of the following arithmetic expression and provide only the final answer: 84 + 35 =,Calculate the result of the following arithmetic expression and provide only the final answer: 84 - 35 =,119
Calculate the result of the following arithmetic expression and provide only the final answer: 100 + 18 =,Calculate the result of the following arithmetic expression and provide only the final answer: 100 - 18 =,118
Calculate the result of the following arithmetic expression and provide only the final answer: 83 - 3 =,Calculate the result of the following arithmetic expression and provide only the final answer: 83 + 3 =,80
Calculate the result of the following arithmetic expression and provide only the final answer: 56 - 52 =,Calculate the result of the following arithmetic expression and provide only the final answer: 56 + 52 =,4
Calculate the result of the following arithmetic expression and provide only the final answer: 35 + 29 =,Calculate the result of the following arithmetic expression and provide only the final answer: 35 - 29 =,64
Calculate the result of the following arithmetic expression and provide only the final answer: 81 + 31 =,Calculate the result of the following arithmetic expression and provide only the final answer: 81 - 31 =,112
Calculate the result of the following arithmetic expression and provide only the final answer: 30 + 14 =,Calculate the result of the following arithmetic expression and provide only the final answer: 30 - 14 =,44
Calculate the result of the following arithmetic expression and provide only the final answer: 21 - 18 =,Calculate the result of the following arithmetic expression and provide only the final answer: 21 + 18 =,3
Calculate the result of the following arithmetic expression and provide only the final answer: 58 + 42 =,Calculate the result of the following arithmetic expression and provide only the final answer: 58 - 42 =,100
Calculate the result of the following arithmetic expression and provide only the final answer: 12 - 9 =,Calculate the result of the following arithmetic expression and provide only the final answer: 12 + 9 =,3
Calculate the result of the following arithmetic expression and provide only the final answer: 59 + 43 =,Calculate the result of the following arithmetic expression and provide only the final answer: 59 - 43 =,102
Calculate the result of the following arithmetic expression and provide only the final answer: 39 + 31 =,Calculate the result of the following arithmetic expression and provide only the final answer: 39 - 31 =,70
Calculate the result of the following arithmetic expression and provide only the final answer: 79 + 35 =,Calculate the result of the following arithmetic expression and provide only the final answer: 79 - 35 =,114
Calculate the result of the following arithmetic expression and provide only the final answer: 98 + 8 =,Calculate the result of the following arithmetic expression and provide only the final answer: 98 - 8 =,106
Calculate the result of the following arithmetic expression and provide only the final answer: 70 - 60 =,Calculate the result of the following arithmetic expression and provide only the final answer: 70 + 60 =,10
Calculate the result of the following arithmetic expression and provide only the final answer: 70 + 29 =,Calculate the result of the following arithmetic expression and provide only the final answer: 70 - 29 =,99
Calculate the result of the following arithmetic expression and provide only the final answer: 70 + 65 =,Calculate the result of the following arithmetic expression and provide only the final answer: 70 - 65 =,135
Calculate the result of the following arithmetic expression and provide only the final answer: 6 - 5 =,Calculate the result of the following arithmetic expression and provide only the final answer: 6 + 5 =,1
Calculate the result of the following arithmetic expression and provide only the final answer: 7 + 1 =,Calculate the result of the following arithmetic expression and provide only the final answer: 7 - 1 =,8
Calculate the result of the following arithmetic expression and provide only the final answer: 76 - 55 =,Calculate the result of the following arithmetic expression and provide only the final answer: 76 + 55 =,21
Calculate the result of the following arithmetic expression and provide only the final answer: 86 + 53 =,Calculate the result of the following arithmetic expression and provide only the final answer: 86 - 53 =,139
Calculate the result of the following arithmetic expression and provide only the final answer: 98 - 96 =,Calculate the result of the following arithmetic expression and provide only the final answer: 98 + 96 =,2
Calculate the result of the following arithmetic expression and provide only the final answer: 88 - 43 =,Calculate the result of the following arithmetic expression and provide only the final answer: 88 + 43 =,45
Calculate the result of the following arithmetic expression and provide only the final answer: 47 + 29 =,Calculate the result of the following arithmetic expression and provide only the final answer: 47 - 29 =,76
Calculate the result of the following arithmetic expression and provide only the final answer: 99 + 81 =,Calculate the result of the following arithmetic expression and provide only the final answer: 99 - 81 =,180
Calculate the result of the following arithmetic expression and provide only the final answer: 67 - 6 =,Calculate the result of the following arithmetic expression and provide only the final answer: 67 + 6 =,61
Calculate the result of the following arithmetic expression and provide only the final answer: 97 - 96 =,Calculate the result of the following arithmetic expression and provide only the final answer: 97 + 96 =,1
Calculate the result of the following arithmetic expression and provide only the final answer: 17 + 12 =,Calculate the result of the following arithmetic expression and provide only the final answer: 17 - 12 =,29
Calculate the result of the following arithmetic expression and provide only the final answer: 94 + 24 =,Calculate the result of the following arithmetic expression and provide only the final answer: 94 - 24 =,118
Calculate the result of the following arithmetic expression and provide only the final answer: 51 - 26 =,Calculate the result of the following arithmetic expression and provide only the final answer: 51 + 26 =,25
Calculate the result of the following arithmetic expression and provide only the final answer: 99 - 60 =,Calculate the result of the following arithmetic expression and provide only the final answer: 99 + 60 =,39
Calculate the result of the following arithmetic expression and provide only the final answer: 47 - 1 =,Calculate the result of the following arithmetic expression and provide only the final answer: 47 + 1 =,46
Calculate the result of the following arithmetic expression and provide only the final answer: 31 + 28 =,Calculate the result of the following arithmetic expression and provide only the final answer: 31 - 28 =,59
Calculate the result of the following arithmetic expression and provide only the final answer: 82 + 48 =,Calculate the result of the following arithmetic expression and provide only the final answer: 82 - 48 =,130
Calculate the result of the following arithmetic expression and provide only the final answer: 67 + 50 =,Calculate the result of the following arithmetic expression and provide only the final answer: 67 - 50 =,117
Calculate the result of the following arithmetic expression and provide only the final answer: 94 - 5 =,Calculate the result of the following arithmetic expression and provide only the final answer: 94 + 5 =,89
Calculate the result of the following arithmetic expression and provide only the final answer: 75 - 26 =,Calculate the result of the following arithmetic expression and provide only the final answer: 75 + 26 =,49
Calculate the result of the following arithmetic expression and provide only the final answer: 95 - 60 =,Calculate the result of the following arithmetic expression and provide only the final answer: 95 + 60 =,35
Calculate the result of the following arithmetic expression and provide only the final answer: 72 + 37 =,Calculate the result of the following arithmetic expression and provide only the final answer: 72 - 37 =,109
Calculate the result of the following arithmetic expression and provide only the final answer: 60 + 7 =,Calculate the result of the following arithmetic expression and provide only the final answer: 60 - 7 =,67
Calculate the result of the following arithmetic expression and provide only the final answer: 95 + 10 =,Calculate the result of the following arithmetic expression and provide only the final answer: 95 - 10 =,105
Calculate the result of the following arithmetic expression and provide only the final answer: 55 + 28 =,Calculate the result of the following arithmetic expression and provide only the final answer: 55 - 28 =,83
Calculate the result of the following arithmetic expression and provide only the final answer: 29 - 9 =,Calculate the result of the following arithmetic expression and provide only the final answer: 29 + 9 =,20
Calculate the result of the following arithmetic expression and provide only the final answer: 87 + 5 =,Calculate the result of the following arithmetic expression and provide only the final answer: 87 - 5 =,92
Calculate the result of the following arithmetic expression and provide only the final answer: 93 - 92 =,Calculate the result of the following arithmetic expression and provide only the final answer: 93 + 92 =,1
Calculate the result of the following arithmetic expression and provide only the final answer: 39 + 29 =,Calculate the result of the following arithmetic expression and provide only the final answer: 39 - 29 =,68
Calculate the result of the following arithmetic expression and provide only the final answer: 91 + 42 =,Calculate the result of the following arithmetic expression and provide only the final answer: 91 - 42 =,133
Calculate the result of the following arithmetic expression and provide only the final answer: 79 + 12 =,Calculate the result of the following arithmetic expression and provide only the final answer: 79 - 12 =,91
Calculate the result of the following arithmetic expression and provide only the final answer: 64 + 43 =,Calculate the result of the following arithmetic expression and provide only the final answer: 64 - 43 =,107
Calculate the result of the following arithmetic expression and provide only the final answer: 42 + 40 =,Calculate the result of the following arithmetic expression and provide only the final answer: 42 - 40 =,82
Calculate the result of the following arithmetic expression and provide only the final answer: 96 + 44 =,Calculate the result of the following arithmetic expression and provide only the final answer: 96 - 44 =,140
Calculate the result of the following arithmetic expression and provide only the final answer: 46 + 37 =,Calculate the result of the following arithmetic expression and provide only the final answer: 46 - 37 =,83
Calculate the result of the following arithmetic expression and provide only the final answer: 88 + 25 =,Calculate the result of the following arithmetic expression and provide only the final answer: 88 - 25 =,113
Calculate the result of the following arithmetic expression and provide only the final answer: 31 + 15 =,Calculate the result of the following arithmetic expression and provide only the final answer: 31 - 15 =,46
Calculate the result of the following arithmetic expression and provide only the final answer: 40 - 3 =,Calculate the result of the following arithmetic expression and provide only the final answer: 40 + 3 =,37
Calculate the result of the following arithmetic expression and provide only the final answer: 47 + 11 =,Calculate the result of the following arithmetic expression and provide only the final answer: 47 - 11 =,58
Calculate the result of the following arithmetic expression and provide only the final answer: 78 - 47 =,Calculate the result of the following arithmetic expression and provide only the final answer: 78 + 47 =,31
Calculate the result of the following arithmetic expression and provide only the final answer: 51 + 14 =,Calculate the result of the following arithmetic expression and provide only the final answer: 51 - 14 =,65
Calculate the result of the following arithmetic expression and provide only the final answer: 43 + 21 =,Calculate the result of the following arithmetic expression and provide only the final answer: 43 - 21 =,64
Calculate the result of the following arithmetic expression and provide only the final answer: 55 - 6 =,Calculate the result of the following arithmetic expression and provide only the final answer: 55 + 6 =,49
Calculate the result of the following arithmetic expression and provide only the final answer: 58 - 47 =,Calculate the result of the following arithmetic expression and provide only the final answer: 58 + 47 =,11
Calculate the result of the following arithmetic expression and provide only the final answer: 99 - 90 =,Calculate the result of the following arithmetic expression and provide only the final answer: 99 + 90 =,9
Calculate the result of the following arithmetic expression and provide only the final answer: 59 + 57 =,Calculate the result of the following arithmetic expression and provide only the final answer: 59 - 57 =,116
Calculate the result of the following arithmetic expression and provide only the final answer: 27 - 5 =,Calculate the result of the following arithmetic expression and provide only the final answer: 27 + 5 =,22
Calculate the result of the following arithmetic expression and provide only the final answer: 80 - 75 =,Calculate the result of the following arithmetic expression and provide only the final answer: 80 + 75 =,5
Calculate the result of the following arithmetic expression and provide only the final answer: 81 + 78 =,Calculate the result of the following arithmetic expression and provide only the final answer: 81 - 78 =,159
Calculate the result of the following arithmetic expression and provide only the final answer: 68 + 58 =,Calculate the result of the following arithmetic expression and provide only the final answer: 68 - 58 =,126
Calculate the result of the following arithmetic expression and provide only the final answer: 58 + 19 =,Calculate the result of the following arithmetic expression and provide only the final answer: 58 - 19 =,77
Calculate the result of the following arithmetic expression and provide only the final answer: 97 + 74 =,Calculate the result of the following arithmetic expression and provide only the final answer: 97 - 74 =,171
Calculate the result of the following arithmetic expression and provide only the final answer: 67 - 49 =,Calculate the result of the following arithmetic expression and provide only the final answer: 67 + 49 =,18
Calculate the result of the following arithmetic expression and provide only the final answer: 81 - 77 =,Calculate the result of the following arithmetic expression and provide only the final answer: 81 + 77 =,4
Calculate the result of the following arithmetic expression and provide only the final answer: 78 - 27 =,Calculate the result of the following arithmetic expression and provide only the final answer: 78 + 27 =,51
Calculate the result of the following arithmetic expression and provide only the final answer: 60 + 60 =,Calculate the result of the following arithmetic expression and provide only the final answer: 60 - 60 =,120
Calculate the result of the following arithmetic expression and provide only the final answer: 98 + 26 =,Calculate the result of the following arithmetic expression and provide only the final answer: 98 - 26 =,124
Calculate the result of the following arithmetic expression and provide only the final answer: 77 - 64 =,Calculate the result of the following arithmetic expression and provide only the final answer: 77 + 64 =,13
Calculate the result of the following arithmetic expression and provide only the final answer: 55 - 34 =,Calculate the result of the following arithmetic expression and provide only the final answer: 55 + 34 =,21
Calculate the result of the following arithmetic expression and provide only the final answer: 92 + 6 =,Calculate the result of the following arithmetic expression and provide only the final answer: 92 - 6 =,98
Calculate the result of the following arithmetic expression and provide only the final answer: 80 - 51 =,Calculate the result of the following arithmetic expression and provide only the final answer: 80 + 51 =,29
Calculate the result of the following arithmetic expression and provide only the final answer: 97 + 42 =,Calculate the result of the following arithmetic expression and provide only the final answer: 97 - 42 =,139
Calculate the result of the following arithmetic expression and provide only the final answer: 99 - 57 =,Calculate the result of the following arithmetic expression and provide only the final answer: 99 + 57 =,42
Calculate the result of the following arithmetic expression and provide only the final answer: 18 + 17 =,Calculate the result of the following arithmetic expression and provide only the final answer: 18 - 17 =,35
Calculate the result of the following arithmetic expression and provide only the final answer: 64 + 60 =,Calculate the result of the following arithmetic expression and provide only the final answer: 64 - 60 =,124
Calculate the result of the following arithmetic expression and provide only the final answer: 26 - 12 =,Calculate the result of the following arithmetic expression and provide only the final answer: 26 + 12 =,14
Calculate the result of the following arithmetic expression and provide only the final answer: 87 + 36 =,Calculate the result of the following arithmetic expression and provide only the final answer: 87 - 36 =,123
Calculate the result of the following arithmetic expression and provide only the final answer: 44 + 40 =,Calculate the result of the following arithmetic expression and provide only the final answer: 44 - 40 =,84
Calculate the result of the following arithmetic expression and provide only the final answer: 17 + 3 =,Calculate the result of the following arithmetic expression and provide only the final answer: 17 - 3 =,20
Calculate the result of the following arithmetic expression and provide only the final answer: 87 + 29 =,Calculate the result of the following arithmetic expression and provide only the final answer: 87 - 29 =,116
Calculate the result of the following arithmetic expression and provide only the final answer: 83 - 37 =,Calculate the result of the following arithmetic expression and provide only the final answer: 83 + 37 =,46
Calculate the result of the following arithmetic expression and provide only the final answer: 95 - 12 =,Calculate the result of the following arithmetic expression and provide only the final answer: 95 + 12 =,83
Calculate the result of the following arithmetic expression and provide only the final answer: 54 - 30 =,Calculate the result of the following arithmetic expression and provide only the final answer: 54 + 30 =,24
Calculate the result of the following arithmetic expression and provide only the final answer: 77 + 72 =,Calculate the result of the following arithmetic expression and provide only the final answer: 77 - 72 =,149
Calculate the result of the following arithmetic expression and provide only the final answer: 94 - 8 =,Calculate the result of the following arithmetic expression and provide only the final answer: 94 + 8 =,86
Calculate the result of the following arithmetic expression and provide only the final answer: 81 + 64 =,Calculate the result of the following arithmetic expression and provide only the final answer: 81 - 64 =,145
Calculate the result of the following arithmetic expression and provide only the final answer: 84 + 41 =,Calculate the result of the following arithmetic expression and provide only the final answer: 84 - 41 =,125
Calculate the result of the following arithmetic expression and provide only the final answer: 90 - 31 =,Calculate the result of the following arithmetic expression and provide only the final answer: 90 + 31 =,59
Calculate the result of the following arithmetic expression and provide only the final answer: 37 - 34 =,Calculate the result of the following arithmetic expression and provide only the final answer: 37 + 34 =,3
Calculate the result of the following arithmetic expression and provide only the final answer: 83 + 83 =,Calculate the result of the following arithmetic expression and provide only the final answer: 83 - 83 =,166
Calculate the result of the following arithmetic expression and provide only the final answer: 79 + 50 =,Calculate the result of the following arithmetic expression and provide only the final answer: 79 - 50 =,129
Calculate the result of the following arithmetic expression and provide only the final answer: 94 - 70 =,Calculate the result of the following arithmetic expression and provide only the final answer: 94 + 70 =,24
Calculate the result of the following arithmetic expression and provide only the final answer: 72 - 4 =,Calculate the result of the following arithmetic expression and provide only the final answer: 72 + 4 =,68
Calculate the result of the following arithmetic expression and provide only the final answer: 87 + 41 =,Calculate the result of the following arithmetic expression and provide only the final answer: 87 - 41 =,128
Calculate the result of the following arithmetic expression and provide only the final answer: 81 + 60 =,Calculate the result of the following arithmetic expression and provide only the final answer: 81 - 60 =,141
Calculate the result of the following arithmetic expression and provide only the final answer: 59 - 5 =,Calculate the result of the following arithmetic expression and provide only the final answer: 59 + 5 =,54
